-- phpMyAdmin SQL Dump
-- version 4.5.1
-- http://www.phpmyadmin.net
--
-- Host: 127.0.0.1
-- Generation Time: Dec 20, 2020 at 05:25 AM
-- Server version: 10.1.10-MariaDB
-- PHP Version: 5.5.33

SET SQL_MODE = "NO_AUTO_VALUE_ON_ZERO";
SET time_zone = "+00:00";


/*!40101 SET @OLD_CHARACTER_SET_CLIENT=@@CHARACTER_SET_CLIENT */;
/*!40101 SET @OLD_CHARACTER_SET_RESULTS=@@CHARACTER_SET_RESULTS */;
/*!40101 SET @OLD_COLLATION_CONNECTION=@@COLLATION_CONNECTION */;
/*!40101 SET NAMES utf8mb4 */;

--
-- Database: `shoe_thai`
--

-- --------------------------------------------------------

--
-- Table structure for table `branch`
--

CREATE TABLE `branch` (
  `branchNo` int(11) NOT NULL,
  `address` varchar(1000) CHARACTER SET utf8 COLLATE utf8_unicode_ci NOT NULL,
  `province` varchar(50) NOT NULL,
  `postcode` int(11) NOT NULL
) ENGINE=InnoDB DEFAULT CHARSET=utf8mb4;

--
-- Dumping data for table `branch`
--

INSERT INTO `branch` (`branchNo`, `address`, `province`, `postcode`) VALUES
(1, '94 ถ. พหลโยธิน ต.ประชาธิปัตย์ อ.ธัญบุรี', 'ปทุมธานี', 12130),
(2, '99 ต.คลองหนึ่ง อ.คลองหลวง', 'ปทุมธานี', 12130),
(3, '254 จุฬาลงกรณ์มหาวิทยาลัย ซอย จุฬาลงกรณ์ 9 แขวง วังใหม่ เขตปทุมวัน', 'กรุงเทพมหานคร', 10330);

-- --------------------------------------------------------

--
-- Table structure for table `customer`
--

CREATE TABLE `customer` (
  `customerNo` int(11) NOT NULL,
  `fname` varchar(50) NOT NULL,
  `lname` varchar(50) NOT NULL,
  `address` varchar(1000) NOT NULL,
  `province` varchar(50) NOT NULL,
  `postcode` int(11) NOT NULL,
  `phoneNo` varchar(15) DEFAULT 'doesn''t has',
  `email` varchar(100) NOT NULL DEFAULT 'doesn''t has'
) ENGINE=InnoDB DEFAULT CHARSET=utf8mb4;

--
-- Dumping data for table `customer`
--

INSERT INTO `customer` (`customerNo`, `fname`, `lname`, `address`, `province`, `postcode`, `phoneNo`, `email`) VALUES
(1100190575, 'โชคดี', 'มีชัย', '112 ถ.เทศบาลรังรักษ์ใต้ แขวงลาดยาว เขตจตุจักร จ.กรุงเทพ', '', 10900, '0882342231', 'onepiece4767@gmail.com'),
(1100290574, 'เทตซึยะ', 'คุโรโกะ', '37 หมู่5 ต.ท่าช้าง อ.เมือง ', 'นครนายก', 26500, '0995477625', 'kuroko@gmail.com'),
(1101010111, 'ฮอนโก', 'ทาเคชิ', '92 หมู่6  ต.ท่าสายลวด อ.แม่สอด จ.กรุงเทพ', '', 11120, '0925536464', 'kamenrider@gmail.com'),
(1101700025, 'ถนัด', 'ขจัดรวย', '55 ริมถนนชุมพร-หลังสวน ต.ขุนกระทิง อ.เมือง จ.ชุมพร ', '', 86190, '0855056007', 'thanutt@gmail.com'),
(1101700132, 'ตะโก', 'โก้จริง', '885 ถนนสุริยาตร์ ตำบลในเมือง อ.เมือง จ.อุบลราชธานี', '', 34000, '0811186976', 'thago@gmail.com'),
(1101700180, 'ตั้งเป้า', 'เข้าทุกเม็ด', '180 ถ.นิตโย ต.หมากแข้ง อ.เมือง จ.อุดรธานี', '', 41000, '0830610023', 'thungpao@gmail.com'),
(1101700256, 'ถนอม', 'หอมรอมริบ', '700 ถ.กันตัง ต.ทับเที่ยง อ. เมือง จ.ตรัง', '', 92000, '0815026784', 'thanorm@gmail.com'),
(1101700259, 'ตะวัน', 'รันวงการ', '107 หมู่ที่ 16 ตำบลในเมือง อ.เมือง จ.ร้อยเอ็ด ', '', 45000, '0675042317', 'thawan147@gmail.com'),
(1101700451, 'ทัดทาน', 'การเวหา', '605 ถ.เทพกษัตรี ต.รัษฎา อ.เมือง จ.ภูเก็ต', '', 83000, '0658095047', 'thudthan@gmail.com'),
(1101700789, 'ทิวา', 'ทาวิณี', '609 ถ.ราษฎร์อุทิศ ต.ตลา อ.เมือง จ.สุราษฎร์ธานี', '', 84000, '0869089978', 'thiwa687@gmail.com'),
(1101701020, 'ชัชวาลย์', 'หาญคง', '26 ถ.ภูมีจรดล ต.พิมาน อ.เมือง จ.สตูล', '', 91000, '0895487713', 'chatcha_1@hotmail.com'),
(1101701021, 'กรณ์', 'ประตู', '8220 หมุ่ที่ 9ต.สำโรงเหนือ อ.เมือง จ.สมุทรปราการ', '', 10270, '0865253689', 'kornnn@gmail.com'),
(1101701028, 'ชบา', 'พุ่มไม้', '8 ถนนพิชัยรณรงค์สงคราม ซอย 10 ต.ปากเพรียว อ.เมือง จ.สระบุรี', '', 18000, '0658945123', 'cchaba@gmail.com'),
(1101701064, 'จอมทัพ', 'พิชิตชัย', '911 ม.3 ถ.ศรีสมาน ต.บ้านใหม่ อ.ปากเกร็ด จ.นนทบุรี ', '', 11120, '0955556478', 'jomthubb@gmail.com'),
(1101701078, 'กังวาน', 'ก้องดัง', '3911 ถนนยิงเป้า ต.สนามจันทร์ อ.เมือง จ.นครปฐม', '', 73000, '0815002166', 'gunwannn@gmail.com'),
(1101701150, 'จรัญ', 'เสมแดง', '20738 ถนนลาดพร้าว แขวงวังทองหลาง เขตวังทองหลาง กรุงเทพ', 'กรุงเทพ', 10310, '0951112145', 'jarunnk@gmail.com'),
(1101701212, 'ดำรง', 'จงพิทักษ์', '98 ถ.เจริญเมือง ต.วัดเกตุ อ.เมือง จ.เชียงใหม่', '', 50000, '0611015098', 'dumrongn@gmail.com'),
(1101701224, 'ดลใจ', 'ไกลกังวล', '112 ม.6 ถ.เพชรเกษม ต.บ้านหม้อ อ.เมือง จ.เพชรบุรี', '', 76000, '0641256399', 'dunjaii@gmail.com'),
(1101701236, 'ดวงแก้ว', 'แคล้วคลาด', '311 ม.13 ต.สันทรายอ.เมือง จ.เชียงราย', '', 57000, '0874511127', 'duengkaew@gmail.com'),
(1101701250, 'ดวงจิต', 'กิจการมาก', '158 ม.10 ถ.พหลโยธิน ต.นครสวรรค์ตก อ.เมือง จ.นครสวรรค์', '', 60000, '0854446211', 'jitti@gmail.com'),
(1101701258, 'ชอบธรรม', 'ขจัดพาล', '445 ถ.ศุขประยูร ต.หน้าเมือง อ.เมือง จ.ฉะเชิงเทรา', '', 24000, '0899657415', 'lovejustice@gmail.com'),
(1101701261, 'ตะไคร้', 'ใครปัก', '695 ม.4 ถ.มิตรภาพ อ.เมือง จ.ขอนแก่น ', '', 40000, '0815067788', 'thakrai@gmail.com'),
(1101701345, 'จุฬา', 'ติดลมวน', '015 หมู่ 4 ถนนโรจนะ ต.คานหาม อ.อุทัย จ.อยุธยา', '', 13210, '0615033317', 'julaaa@gmail.com'),
(1101701432, 'ตะเภา', 'พาพาลจร', '152 ถ.สระบุรี-หล่มสัก ต.สะเคียง อ.เมือง จ.เพชรบูรณ์', '', 67000, '0623081540', 'thapao@gmail.com'),
(1101701437, 'ตอบแทน', 'แควนสรชัย', '211 ถ.ไฮเวย์ลำปาง-งาว ต.พระบาท อ.เมือง จ.ลำปาง', '', 52000, '0874296130', 'thobtan578@gmail.com'),
(1101701454, 'ดวงเดือน', 'สะเทือนใจ', '11 ม.300 ถ.พิษณุโลก-หล่มสัก ต.อรัญญิก อ.เมือง จ.พิษณุโลก', '', 65000, '0869087411', 'duenggg@gmaiil.com'),
(1101701475, 'ต้นแบบ', 'แสบสนิท', '157 ถ.มุกดาหาร-ดอนตาล ต.ศรีบุญเรือง อ.เมือง จ.มุกดาหาร', '', 49000, '0895026488', 'tonbabb@gmail.com'),
(1101701616, 'ตังเม', 'เกหน้าหม้อ', '511 ถ.มิตรภาพ ต.ในเมือง อ.เมือง จ.นครราชสีมา', '', 30000, '0645502178', 'thungmae@gmail.com'),
(1101701771, 'ดาวเหนือ', 'เจ็ดนภา', '101 ถ.จันทอุดม ต.เชิงเนิน อ.เมือง จ.ระยอง ', '', 21000, '0817895006', 'northstar@gmail.com'),
(1102390044, 'ประยงค์', 'จันทร์บูชา ', '2341 ถนนบอนด์สตรีท ต.บางพูด อ.ปากเกร็ด จ.นนทบุรี', '', 11120, '0664852616', 'saijai10@hotmail.com'),
(1102600133, 'ธีระ', 'วงสาสิทธิ์', '415 ถ.กรุงเทพ-นนทบุรี แขวงวงศ์สว่าง เขตบางซื่อ กรุงเทพฯ ', '', 10800, '0815421354', 'teera@gmail.com'),
(1102600147, 'นาเมือง', 'เทืองปัญญา', '11 ถ.ศรีนครินทร์ แขวงบางนา เขตบางนา กรุงเทพฯ ', '', 10260, '0896963517', 'namueng@gmail.com'),
(1103010116, 'หรูหรา', 'ออมตอง', '16/41 ม.1 ต.ปากคลอง อ.ปะทิว จ.ชุมพร', '', 86170, '0873611942', 'rura_44@hotmail.com'),
(1103070332, 'ประสงค์', 'เอกชัย', '37/86 ต.สำโรงเหนือ อ.เมือง จ.สมุทรปราการ', '', 10270, '0870712596', 'prasong28@gmail.com'),
(1104000598, 'นาวา', 'หาขุมทรัพย์', '6410 ถ.เจริญสุข ต.ในเมือง อ.เมือง จ.กำแพงเพชร', '', 62000, '0812453652', 'nava112@gmail.con'),
(1104010017, 'ธิติวัฒน์', 'นาคดี', '70/99 ถ.เพชรบุรี แขวงทุ่งพญาไท เขตราชเทวี กรุงเทพ', '', 10400, '0614588239', 'nat1993@hotmail.com'),
(1104020122, 'อเนกคิน', 'นภาอารักษ์', '234 ซอยเฉยพ่วง ถนนวิภาวดี-รังสิต แขวงจอมพล เขตจตุจักร กรุงเทพ', '', 10900, '0621231122', 'anakin_skywalker1983@gmail.com'),
(1104101089, 'นฤพงศ์', 'เขี้ยวแก้ว ', '37/841 ม.8 ต.คอหงส์ อ.หาดใหญ่ จ.สงขลา', '', 90110, '0632184779', 'pongpa7854@hotmail.com'),
(1104102498, 'นภา', 'แจ่มนวลดูงาม', '1111 ถ.พหลโยธิน ต.บ้านกล้วย อ.เมือง จ.ชัยนาท', '', 17000, '0875489682', 'npa@gmail.com'),
(1104160047, 'ธนดล', 'ชลวิลัย ', '32/449 ม.10 ซ.สหกรณ์4 ถ.นาคสิวาส ต.ลาดพร้าว จ.กรุงเทพมหานคร ', '', 10230, '0962849375', 'thanadon451@hotmail.com'),
(1104160050, 'วัชรกร', 'พรสวรรค์ ', '705 ม.8 ต.คลองตะเกรา อ.ท่าตะเกียบ ฉะเชิงเทรา', '', 24160, '0805505550', 'watchap@gmail.com'),
(1104160082, 'กมลกร', 'สอนวิชา ', '237 ม.1 ต.หันตรา อ.พระนครศรีอยุธยา พระนครศรีอยุธยา', '', 13000, '0888241234', 'kamonkorn81@hotmail.com'),
(1104360751, 'นวพล', 'วนนารี ', '167/89 หมู่9 ต.บ้านเบิก อ.ท่าวุ้ง ลพบุรี', '', 15150, '0821115566', 'ohna258@gmail.com'),
(1104460172, 'พงศกร', 'พรมาลัย', '33/3 ม.3 ต.พะงาด อ.ขามสะแกลง จ.นครราชสีมา', '', 31200, '0844781369', 'r4t81_1@hotmail.com'),
(1104720011, 'ภูธร', 'กมลสร ', '162/61 ถ.ศรีวิชัย ซ.ศรีวิชัย14 ต.มะขามเตี้ย อ.เมือง ', 'สุราษฎร์ธานี', 84000, '0988124747', 'pujohnson@hotmail.com'),
(1104920012, 'เอกชัย', 'รสดี', '261 บ.ดอนเขือง ม.5 ต.ลุมพุก อ.คำเขื่อนแก้ว ยโสธร', '', 35110, '0662432563', 'BuddyfightTh@gmail.com'),
(1105030167, 'วรนงค์', 'คงสวัสดิ์ ', '28/3 จตุจักร กรุงเทพ ', '', 10900, '0627786569', 'voranong1311@hotmail.co.th'),
(1105070022, 'ปิยพล', 'พลพิทักษ์ ', '154/54 ซ.ศุภาหาร29 ถ.เอกชัย แขวงบางบอนเหนือ เขตบางบอน กรุงเทพ', '', 10150, '0664561111', 'piya_ratt@hotmail.com'),
(1105100771, 'สมศรี', 'มีลำใย ', '669 หมู่11 ต.รำมะสัก อ.โพธิ์ทอง อ่างทอง', '', 14120, '0688942586', 'somsri11@hotmail.com'),
(1105120087, 'ธีรพงศ์', 'คงสุข ', '41/88 ม.2 บ้านหนองเสือ ต.วังชะโอน อ.บึงสามัคคี จ.กำแพงเพชร', '', 62210, '0897745874', 'threetreet@hotmail.com'),
(1105120159, 'มโนวา', 'มนัสวี ', '114/1 หมู่ 5 ต.ฉลอง อ.เมือง จ.ภูเก็ต 83000', '', 83000, '0884142525', 'manusavee1241@gmail.com'),
(1105120249, 'อภิสิทธิ์', 'มากหลาย', '26/471 ม.2 ต.คลองหอยโข่ง อ.คลองหอยโข่ง จ.สงขลา', '', 90230, '0654822217', 'apisit477@hotmail.com'),
(1105320078, 'ศุภนิษา', 'มาลีสุพล', '478/123 บ้านทุ่งหมื่น ต.หนองทัพไทย อ.พนมไพร ร้อยเอ็ด', '', 45150, '0615525695', 'malisup@gmail.com'),
(1105430008, 'สายชล', 'น้ำใส ', '46/4 ม.8 ต.ตากแดด อ.เมืองชุมพร จ.ชุมพร', '', 86000, '0902547813', 'saiiichon@hotmail.com'),
(1106000681, 'อัศวิน', 'อาจหาญ ', '191/3 หมู่ 1 อ.ปากเกร็ด จ.นนทบุรี ', '', 11120, '0824115656', 'benten10@gmail.com'),
(1106070358, 'สิรวัฒน์', 'พิพัฒน์พง', '58/6 ม.2 ซ.สุขสวัสดิ์45 ต.บางครุ อ.พระประแดง จ.สมุทรปราการ', '', 10130, '0912441369', 'sirap87@hotmail.com'),
(1106090494, 'ไอยรา', 'ชื่นใจ ', '78/1 พิทักษ์โลก แมนชั่น ห้องเลขที่224 ถ.วังหลัง2 เขตบางกอกน้อย จ.กรุงเทพ', '', 10700, '0628462468', 'ultramanM78@gmail.com'),
(1106090507, 'พรชัย', 'ศรีสกุล', '287 ซ.พิทย์สถาน  ต.บางปลาสร้อย อ.เมืองชลบุรี จ.ชลบุรี ', '', 20000, '0890911234', 'powerranger@gmail.com'),
(1106090558, 'ศุภกร', 'ดอนเวียง', '4/5587 ถ.นวมินทร์เขตคลองกลุ่ม กรุงเทพ', '', 10230, '0624879915', 'suppa_kk@hotmail.com'),
(1106200998, 'สัญจร', 'นอนดึก', '76 ม.3 ต.ท่าตูม อ.ศรีมหาโพธิ์ จ.ปราจีนบุรี', '', 25140, '0851103030', 'sanjon85@hotmail.com'),
(1106300754, 'กัณตวัฒน์', 'สมดี', '70/1 ม.6 ต.ไสหร้า อ.ฉวาง จ.นครศรีธรรมราช', '', 80150, '0977311840', 'kun1879@hotmail.com'),
(1109190015, 'สุรพล', 'ปีมาก', '110 ม.2 ต.บางไทร อ.เมือง จ.สุราษฎร์ธานี', '', 84000, '0854771695', 'ponpon21@hotmail.com'),
(1119060543, 'สมพร', 'กันวิวัฒน์', '391/4 ต.บ้านไร่ อ.แม่ลาน จ.ปัตตานี', '', 94080, '0684117321', 'pro_kk@hotmail.com'),
(1120112112, 'โอ', 'รัตนโกสินทร์', '15/172 ม.2 ต.ท่านา อ.กะปง จ.พังงา', '', 82170, '0645193491', 'O_Washiraos@hotmail.com'),
(2010180042, 'เรียวสุเกะ', 'ชัยภิวัฒน์ ', '118 ถนนรัชดาภิเษก แขวงดินแดง เขตดินแดง กรุงเทพ', '', 10400, '0618838008', 'ryugawagatekiokurau@gmail.com'),
(2101100005, 'ทองก้อน', 'ซ้อนหน้า', '93 ม.6 ต.แพรกษา อ.เมืองฯ จ.สมุทรปราการ', '', 10280, '0864782635', 'thongkon@gmail.com'),
(2101100136, 'ทวีป', 'ยูโรป้า', '930 ถนนรัชดาภิเษก แขวงดินแดง เขตดินแดง กรุงเทพมหานคร', '', 10400, '0815362947', 'thaweeb@gmail.com'),
(2101100176, 'ทันใด', 'ใจสังหาร', '102 หมู่ 6 งามวงศ์วาน ต.ทุ่งสองห้อง อ.หลักสี่ กรุงเทพมหานคร', '', 10210, '0645983625', 'thundai@gmail.com'),
(2101100892, 'ทองหยอด', 'กอดทอง', '500 ถนนบอนด์สตรีท ตำบลบางพูด อำเภอปากเกร็ด จังหวัดนนทบุรี', '', 11120, '0833034687', 'thongyord@gmail.com'),
(2101300264, 'กันภัย', 'สูญสิ้นภัย', '6177/1 ถ.สุขาอุปถัมภ์ ซ.9 อ.เมือง จ.อุบลราชธานี', '', 34000, '0982141121', 'kinsa_s@gmail.com'),
(2101500125, 'ธิดา', 'ชาไทยแท้', '2000 หมู่ 11 ต.บางภาษี อ.บางเลน จ.นครปฐม', '', 73130, '0854779899', 'thida021@gmail.com'),
(2101700005, 'ทวี', 'มหาศักดิ์', '403 ซ.10 ถ.เพชรเกษม ต.หาดใหญ่ อ.หาดใหญ่ จ. สงขลา', '', 90110, '0896323541', 'tawee144@gmail.com'),
(2102010111, 'แดง', 'ขาวเขียว', '11015 ถนนพระราม 3 แขวงช่องนนทรี เขตยานนาวา กรุงเทพ', 'กรุงเทพ', 10120, '0856742154', 'redd@gmail.com'),
(2102100425, 'ธานี', 'กีฬาเด่น', '100 ไทรน้อย-ลาดบัวหลวง ตำบลราษฎร์นิยม อำเภอไทรน้อย นนทบุรี', '', 11150, '0814523695', 'thanee@gmail.com'),
(2102300781, 'ธัญ', 'จันทร์เจ้า', '800 หมู่ที่ 3, ต.บางกระบือ อ.สามโคก จ.ปทุมธานี', '', 12160, '0678945625', 'thun456@gmail.com'),
(2102900295, 'หวังนที', 'ยืนยง', '148/446 ถ.อุดรดุษฎี ต.หมากแข้ง อ.เมืองจ.อุดรธานี', '', 14100, '0966598788', 'ko89@gmail.com'),
(2103010052, 'อธิป', 'กระจ่าง ', '165/2776 ถ.แก่นตูม ประชาราษฎร์ ต.ในเมือง อ.เมือง จ.ขอนแก่น', '', 40000, '0699223148', 'ar_kk@gmail.com'),
(2103010101, 'ฮ่องเต้', 'สมลุนาวัน', '743/154 บ.โนนม่วง ถ.โนนม่วง ต.ศิลา อ.เมือง จ.ขอนแก่น', '', 40002, '0692153615', 'hon_gg25@gmail.com'),
(2103010144, 'บรรจง', 'หนึ่งในยุทธจักร  ', '6499/228 ซ.ประปา 3 ต.ในเมือง อ.บ้านไผ่ จ.ขอนแก่น', '', 41000, '0659732544', 'banjong787@hotmail.com'),
(2103010446, 'นักรบ', 'ซบแต่พื้น', '39 หมู่ 1041 ถ.เดชาวุธ ต.ประตูชัย อ.พระนครศรีอยุธยา จ.พระนครศรีอยุธยา', '', 13000, '0648795262', 'nukrob@gmail.com'),
(2103010582, 'สายใจ', 'เกาะมหาสนุก', '4/5587 ถ.นวมินทร์เขตคลองกลุ่ม กรุงเทพ', '', 10230, '0899751698', 'saijai10@hotmail.com'),
(2103010799, 'อูโน่', 'หลาวทอง', '95/1780 Noble House Phayathai พญาไท ราชเทวี กทม.', '', 10400, '0900210065', 'unolaw@hotmail.com'),
(2103200822, 'นารัตน์', 'พัดลม', '1945/49 ถ.รื่นรมย์ อ.เมือง จ.ขอนแก่น', '', 40000, '0618971843', 'nana_ww@gmail.com'),
(2103210181, 'นิรา', 'พาไปเที่ยว', '72 ถ.สระหลวง ต.ในเมือง อ.เมือง จ.พิจิตร', '', 66000, '0611101107', 'nira12@gmail.com'),
(2104010173, 'ณรงค์', 'ถนัดใช้ปืน', '1577/24 ถ.ศรีจันทร์ ซ.21 อ.เมือง จ.ขอนแก่น', '', 40000, '0858721362', 'rongkom7@hotmail.com'),
(2104010888, 'ใบบุญ', 'หมดแล้ว', '115 ม.2 ต.ท่าศาลา อ.เมือง จ.ลพบุรี', '', 15000, '0841121211', 'baibun@gmail.com'),
(2104030559, 'สมทรง', 'พร้อมเพย์ ', '18/3 หมู่ 3 ถ.พหลโยธิน ต.ประชาธิปัตย์ อ.ธัญบุรี จ.ปทุมธานี', '', 20230, '0899547849', 'somsong@hotmail.com'),
(2105010284, 'การุณ', 'เก่งระดมยิง', '191/216 ต.บ้านเป็ด อ.เมือง จ.ขอนแก่น', '', 40000, '0899751698', 'sanji@gmail.com'),
(2105610555, 'มนศักดิ์', 'กางมุ้งคอย ', '22/847 ม.6 ต.ทุ่งใส อ.สิชล จ.นครศรีธรรมราช', '', 80120, '0912548874', 'saksri331@hotmail.com'),
(2106110121, 'ดินทะยาน', 'แจงใส', '168/3559 หมู่บ้านเสาวลักษณ์1 ซ.10 ต.บางกุ้ง อ.เมือง จ.สุราษฎร์ธานี', '', 84000, '0694125584', 'dintayan@hotmail.com'),
(2106300046, 'กนกกร', 'เม่งเวหา ', '464 ม.9 ต.บ้านฝาง อ.กระนวน จ.ขอนแก่น', '', 42300, '0879652145', 'ka_nok8@hotmail.com'),
(2106300113, 'ลำเทียน', 'จ้องผสม', '56 ซอยอารีย์สัมพันธ์2 ถ.พหลโยธิน เขตพญาไท กทม.', '', 10400, '0879852117', 'tianho_m@hotmail.com'),
(2106300211, 'ศักดิพันธ์', 'ชอบนอนหงาย ', '2464 ถ.อุดร-เลย ต.ศรีสงคราม อ.วังสะพุง จ.เลย', '', 51340, '0644879546', 'f_ssad@hotmail.com'),
(2106390004, 'ภาคภูมิ', 'ด้วนรู้ที่ ', '68/121 ม.7 ต.บ้านเกาะ อ.พรหมคีรี จ.นครศรีธรรมราช', '', 80320, '0821684931', 'poomx4@hotmail.com'),
(2107030512, 'สมศักดิ์', 'หวังกระแทกคาง ', '4147/27 ถ.ยอสนยา ต.ในเมือง อ.เมืองจ.นครราชสีมา', '', 31590, '0698754988', 'sommssak@gmail.com'),
(2107900284, 'นิมิต', 'สะกิตคน', '94/1 ถ.ทรงพล ต.ลำพยา อ.เมือง จ.นครปฐม ', '', 73000, '0815243313', 'nimiit@gmail.com'),
(2109010160, 'สร้อยเหม็น', 'ฟางน้อย ', '451/54 ถ.คลองหา1 ต.นาสาร อ.บ้านนาสาร จ.สุราษฎร์ธานี', '', 84120, '0634875155', 'soisai9@hotmail.com'),
(2109010772, 'ไพรัตน์', 'หม้อน้ำร้อน', '34/9 ม.6 ต.ดอนประดู่ อ.ปากพะยูน จ.พัทลุง', '', 93120, '0982254614', 'pairat2530@hotmail.com');

-- --------------------------------------------------------

--
-- Table structure for table `item`
--

CREATE TABLE `item` (
  `itemNo` int(11) NOT NULL,
  `typeOfitem` varchar(50) NOT NULL,
  `band` varchar(50) NOT NULL,
  `nameOfitem` varchar(50) NOT NULL,
  `price` decimal(15,2) NOT NULL,
  `total` int(11) NOT NULL
) ENGINE=InnoDB DEFAULT CHARSET=utf8mb4;

--
-- Dumping data for table `item`
--

INSERT INTO `item` (`itemNo`, `typeOfitem`, `band`, `nameOfitem`, `price`, `total`) VALUES
(1, 'รองเท้าฟุตบอล', 'NICY', 'YINGYUB', '2900.00', 10),
(2, 'รองเท้าฟุตบอล', 'ADIDO', 'PREDATAE', '3200.00', 10),
(3, 'รองเท้าฟุตบอล', 'ADIDO', 'ZOUMA', '3500.00', 10),
(4, 'รองเท้าฟุตบอล', 'NICY', 'WELBECK', '3900.00', 230),
(5, 'รองเท้าฟุตบอล', 'PUMY', 'SHOYTHO', '1900.00', 5),
(6, 'รองเท้าวิ่ง', 'NICY', 'THONGMAK', '3400.00', 10),
(7, 'รองเท้าวิ่ง', 'ADIDO', 'PEPE', '3900.00', 10),
(8, 'รองเท้าวิ่ง', 'PUMY', 'KARIUS', '4000.00', 5),
(9, 'รองเท้าวิ่ง', 'ADIDO', 'KEPA', '8900.00', 10),
(10, 'รองเท้าวิ่ง', 'REEBIK', 'BRUNO', '1500.00', 5),
(11, 'รองเท้าบาสเก็ตบอล', 'NICY', 'JORDAN', '4500.00', 10),
(12, 'รองเท้าบาสเก็ตบอล', 'NICY', 'HARDEN', '3800.00', 10),
(13, 'รองเท้าบาสเก็ตบอล', 'ADIDO', 'JAMES', '4900.00', 10),
(14, 'รองเท้าบาสเก็ตบอล', 'JORDER', 'REDJR', '5500.00', 10),
(15, 'รองเท้าบาสเก็ตบอล', 'JORDER', 'BLUEJR', '5500.00', 10),
(16, 'รองเท้าแบดมินตัน', 'ADIDO', 'NGANGGAI', '2500.00', 10),
(17, 'รองเท้าแบดมินตัน', 'PUMY', 'YODNHANET', '1500.00', 7),
(18, 'รองเท้าแบดมินตัน', 'KAWASAKO', 'THAIKODD', '1900.00', 5),
(19, 'รองเท้าแบดมินตัน', 'NICY', 'TOBYUB', '2500.00', 10),
(20, 'รองเท้าแบดมินตัน', 'KAWASAKO', 'NHANET', '2000.00', 10);

-- --------------------------------------------------------

--
-- Table structure for table `loginassmanager`
--

CREATE TABLE `loginassmanager` (
  `ID` char(11) NOT NULL,
  `Password` int(11) NOT NULL
) ENGINE=InnoDB DEFAULT CHARSET=tis620;

--
-- Dumping data for table `loginassmanager`
--

INSERT INTO `loginassmanager` (`ID`, `Password`) VALUES
('assmg111', 1234),
('assmg222', 1234),
('assmg333', 1234);

-- --------------------------------------------------------

--
-- Table structure for table `loginmanager`
--

CREATE TABLE `loginmanager` (
  `ID` char(11) NOT NULL,
  `Password` int(11) NOT NULL
) ENGINE=InnoDB DEFAULT CHARSET=tis620;

--
-- Dumping data for table `loginmanager`
--

INSERT INTO `loginmanager` (`ID`, `Password`) VALUES
('mg111', 1234),
('mg222', 1234),
('mg333', 1234);

-- --------------------------------------------------------

--
-- Table structure for table `loginstaff`
--

CREATE TABLE `loginstaff` (
  `ID` char(11) NOT NULL,
  `Password` int(11) NOT NULL
) ENGINE=InnoDB DEFAULT CHARSET=tis620;

--
-- Dumping data for table `loginstaff`
--

INSERT INTO `loginstaff` (`ID`, `Password`) VALUES
('st111', 1234),
('st222', 1234),
('st333', 1234);

-- --------------------------------------------------------

--
-- Table structure for table `orderbranch`
--

CREATE TABLE `orderbranch` (
  `lotNo` int(11) NOT NULL,
  `itemNo` int(11) NOT NULL,
  `total` int(11) NOT NULL,
  `priceOrderbranch` decimal(15,2) NOT NULL,
  `dateOrderbranch` datetime NOT NULL,
  `staff` int(11) NOT NULL
) ENGINE=InnoDB DEFAULT CHARSET=utf8mb4;

-- --------------------------------------------------------

--
-- Table structure for table `ordercustomer`
--

CREATE TABLE `ordercustomer` (
  `orderNo` int(11) NOT NULL,
  `customerNo` int(11) NOT NULL,
  `itemNo` int(11) NOT NULL,
  `totalOrder` int(11) NOT NULL,
  `dateOrder` datetime NOT NULL,
  `taxNo` int(11) NOT NULL,
  `branchNo` int(11) NOT NULL
) ENGINE=InnoDB DEFAULT CHARSET=utf8mb4;

--
-- Dumping data for table `ordercustomer`
--

INSERT INTO `ordercustomer` (`orderNo`, `customerNo`, `itemNo`, `totalOrder`, `dateOrder`, `taxNo`, `branchNo`) VALUES
(1150, 1104720011, 3, 3, '2020-12-16 00:00:00', 987654321, 1);

-- --------------------------------------------------------

--
-- Table structure for table `position`
--

CREATE TABLE `position` (
  `positionId` int(11) NOT NULL,
  `positionName` varchar(50) CHARACTER SET utf8 COLLATE utf8_unicode_ci NOT NULL
) ENGINE=InnoDB DEFAULT CHARSET=utf8mb4;

--
-- Dumping data for table `position`
--

INSERT INTO `position` (`positionId`, `positionName`) VALUES
(1, 'พนักงานทั่วไป'),
(2, 'ผู้ช่วยผู้จัดการ'),
(3, 'ผู้จัดการ');

-- --------------------------------------------------------

--
-- Table structure for table `staff`
--

CREATE TABLE `staff` (
  `staffNo` int(11) NOT NULL,
  `fname` varchar(50) NOT NULL,
  `lname` varchar(50) NOT NULL,
  `phoneNo` varchar(15) NOT NULL DEFAULT 'doesn''t has',
  `dob` date NOT NULL,
  `age` int(11) AS (YEAR('2020-12-19')- YEAR(dob)) VIRTUAL,
  `idNo` varchar(15) NOT NULL,
  `email` varchar(100) DEFAULT 'doesn''t has',
  `address` varchar(1000) NOT NULL,
  `startDateYYMMDD` date NOT NULL,
  `branchNo` int(11) NOT NULL,
  `salary` int(11) NOT NULL,
  `position` int(11) NOT NULL
) ENGINE=InnoDB DEFAULT CHARSET=utf8mb4;

--
-- Dumping data for table `staff`
--

INSERT INTO `staff` (`staffNo`, `fname`, `lname`, `phoneNo`, `dob`, `age`, `idNo`, `email`, `address`, `startDateYYMMDD`, `branchNo`, `salary`, `position`) VALUES
(1011259772, 'เซย์จูโร่', 'อาคาชิ', '0874122551', '1999-12-15', 21, '', 'akashi@gmail.com', '36 หมู่4 ต.ท่าช้าง อ.เมือง จ.นครนายก', '2020-12-16', 1, 18000, 1),
(1100100001, 'แดง', 'ตากแดด', '0892199899', '1992-08-10', 28, '9906871172161', 'AJDANG@gmail.com', '3 หมู่ 10 ถ.เชียงใหม่-สันกำแพง ต.สันกำแพง อ.สันกำแพง\nรหัสไปรษณีย์ 50130', '2020-06-08', 1, 22000, 2),
(1100100004, 'สัญญา', 'ลืมยาก', '0817596988', '1991-03-30', 29, '3945896804535', 'SunyaL@gmail.com', '0145 หมู่ 9 ถ.ฮอด-วังลุง ต.หางดง อ.ฮอด\nรหัสไปรษณีย์ 50240', '2020-02-12', 1, 19000, 2),
(1100100009, 'อรวัณ', 'ไหล่หลั่ง', '0618901777', '1996-12-21', 24, '7732205637569', 'Aorawan87@gmail.com', '690 ถ.ปางล้อนิคม ต.จองคำ อ.เมือง\nรหัสไปรษณีย์ 58000', '2020-01-04', 1, 12000, 1),
(1100100010, 'สมัคร', 'แซ่ปิ้น', '0951548765', '1995-03-22', 25, '9428412109376', 'Samak054@gmail.com', '190 หมู่ที่ 12 ถ.แม่สะเรียง ต.บ้านกาศ อ.แม่สะเรียง\nรหัสไปรษณีย์ 58110', '2020-03-01', 1, 12000, 1),
(1100100017, 'กิจจา', 'เก่งการไถ', '0958642512', '1997-10-30', 23, '2390715768241', 'Kitja45@gmail.com', '2 หมู่ 40 ถ.โชตนา ต.เวียง อ.ฝาง\nรหัสไปรษณีย์ 50110', '2020-01-05', 1, 12000, 1),
(1100100025, 'สมชาย', 'ใหญ่ดี', '0999191999', '1997-07-09', 23, '2681739732813', 'Somchai69@gmail.com', '4449 หมู่ 1 ต.ริมใต้ อ.แม่ริม\nรหัสไปรษณีย์ 50180', '2020-06-07', 1, 12000, 1),
(1100100030, 'กมลวรรณ', 'ประสาท', '0899005700', '1995-01-04', 25, '8490121153519', 'Kamonwan69@gmail.com', '310/105 หมู่3 ถ.สุราษฎร์-พุนพิน ต.วัดประดู่ อ.เมือง\nรหัสไปรษณีย์ 84000', '2020-01-19', 3, 12000, 1),
(1100100036, 'กิตติมา', 'คงกระพัน', '0853872132', '1990-11-30', 30, '5105816175831', 'Kittima12@gmail.com', 'เลขที่ 077 ถ.แจ้งวัฒนะ ต.ตลาดบางเขน อ.หลักสี่\nรหัสไปรษณีย์ 10210', '2020-01-01', 1, 30000, 3),
(1100100077, 'สมรศรี', 'สีสัก', '0943828211', '1996-06-11', 24, '4693065713265', 'Samornsri@gmail.com', '1700 หมู่ 20 ต.สันมหาพน อ.แม่แตง\nรหัสไปรษณีย์ 50150', '2020-02-10', 1, 12000, 1),
(1100100083, 'สมรัก', 'โพธิ์นายก', '0678762133', '1995-01-21', 25, '5813999803693', 'Somrak05@gmail.com', '3300 ถ.เชียงใหม่-ลำปาง ต.ป่าตัน อ.เมืองรหัสไปรษณีย์ 50300', '2020-04-25', 1, 18000, 2),
(1100100102, 'สุรชัย', 'มโหราฬ', '0975486958', '1994-12-30', 26, '6089385895787', 'Su157@gmail.com', '1510 หมู่ 110 ต.สันนาเม็ง อ.สันทราย\nรหัสไปรษณีย์ 50210', '2020-01-11', 1, 18000, 2),
(1100200012, 'นิตยา', 'ชูเส้นผม', '0645789652', '1997-05-25', 23, '1153543200353', 'NittayaChu@gmail.com', '2186 หมู่ 5 ถ. น่าน-ทุ่งช้าง ต.ท่าวังผา อ.ท่าวังผา\nรหัสไปรษณีย์ 55140', '2020-04-10', 2, 12000, 1),
(1100200013, 'ชูชาติ', 'น้อยใจนัก', '0851245689', '1985-01-04', 35, '5021261955472', 'Chuchat55@gmail.com', '4460 ถ. พหลโยธิน ต.หัวเวียง อ.เมือง\nรหัสไปรษณีย์ 52000', '2020-01-21', 2, 18000, 2),
(1100200015, 'ชำนาญ', 'หีบนอก', '0836597548', '1989-05-01', 31, '3500283068906', 'Chumnan00@gmail.com', '1190 หมู่ 5 ถ.สายเอเชีย ต.แม่ปะ อ.เถิน\nรหัสไปรษณีย์ 52160', '2020-01-01', 2, 22000, 2),
(1100200021, 'ชัยวุฒิ', 'ประทุมวัน', '0963214857', '1995-02-05', 25, '3575543224818', 'Chaiwut36@gmail.com', '2400 หมู่ 30 ถ.บ้านป่าป๋วย-หนองเขียด ต.บ้านโฮ่ง อ.บ้านโฮ่ง\nรหัสไปรษณีย์ 51130', '2020-05-25', 2, 19000, 2),
(1100200035, 'อยุธยา', 'เชียงใหม่', '0659824510', '1996-12-26', 24, '1427401849962', 'AYCHAING@gmail.com', '5557 หมู่ 11 ต.เด่นชัย อ.เด่นชัย\nรหัสไปรษณีย์ 54110', '2020-03-06', 2, 12000, 1),
(1100200053, 'เตือนใจ', 'หีบมาก', '0699873219', '1997-04-12', 23, '3791794490734', 'Thuengjai@gmail.com', '20 ถ.ศศิบุตร ต.- อ.เมือง\nรหัสไปรษณีย์ 54000', '2020-02-08', 2, 12000, 1),
(1100200082, 'ชะโอด', 'พันมณี', '0600123456', '1994-10-12', 26, '5651225094441', 'ChaoDD@gmail.com', 'ถ.สุมนเทวราช ต.ในเวียง อ.เมือง\nรหัสไปรษณีย์ 55000', '2020-02-09', 2, 12000, 1),
(1100200152, 'ชาติชาย', 'น้อยใจนัก', '0678761234', '1991-06-03', 29, '7686046071111', 'Chatchat62@gmail.com', '22173 หมู่ 3 ถ.พหลโยธิน ต.ศาลา อ.เกาะคา\nรหัสไปรษณีย์ 52130', '2020-06-29', 2, 20000, 2),
(1100200192, 'สืบสกุล', 'พันธุ์ดี', '0800001234', '1995-11-14', 25, '4395318096964', 'Subskull@gmail.com', '1770 ถ.ยันตรกิจโกศล ต.ร้องกวาง อ.ร้องกวาง\nรหัสไปรษณีย์ 54140', '2020-01-07', 2, 12000, 1),
(1100300016, 'มาลัย', 'มีฟัก', '0652157852', '1997-12-05', 23, '2190275803002', 'Maraimee@gmail.com', '201/2 หมู่ 4 ถ.ปราจีนตคาม ต.บางบริบูรณ์ อ.เมืองปราจีนบุรี\nรหัสไปรษณีย์ 25000', '2020-05-24', 3, 12000, 1),
(1100300021, 'กระจ่าง', 'รอดความทุกข์', '0915632457', '1980-04-30', 40, '9573898717673', 'Krajangrod@gmail.com', '100015/1 ถ.พหลโยธิน ต.เวียง อ.เมือง\nรหัสไปรษณีย์ 56000', '2020-06-15', 3, 30000, 3),
(1100300025, 'จักรกฤษณ์', 'หลั่งเร็ว', '0974586325', '1985-11-12', 35, '6533064084270', 'Jakkrit88@gmail.com', '3072 หมู่ 2 ถ. ธันวาคม ต.- อ.สมเด็จ\nรหัสไปรษณีย์ 46150', '2020-01-23', 3, 22000, 2),
(1100300029, 'บุญมี', 'ประจำเมือง', '0859830542', '1994-04-30', 26, '7765736755662', 'Bunmee56@gmail.com', '5553 หมู่ 6 ต.บ้านนา อ.บ้านนา\nรหัสไปรษณีย์ 26110', '2020-03-17', 3, 12000, 1),
(1100300042, 'อำพล', 'หวังแหวกกลาง', '0911912192', '1981-03-26', 39, '2700866970436', 'aumponwang@gmail.com', '130/50 หมู่ 1 ถนน พะเยา-ปง ต.ห้วยข้าวก่ำ อ.จุน\nรหัสไปรษณีย์ 56150', '2020-04-16', 3, 19000, 2),
(1100300049, 'บุญส่ง', 'พนม', '0841250508', '1984-12-05', 36, '6711881041738', 'Bunsongpa@gmail.com', 'เลขที่ 1020/9 หมู่2 ถนนพิจิตร-วังกระดี่ทอง ต.ปากทาง อ.เมือง\nรหัสไปรษณีย์ 66000', '2020-03-21', 3, 20000, 2),
(1100300076, 'พจมาน', 'สว่างวง', '0685320230', '1985-07-22', 35, '9973785918831', 'podjamanja@gmail.com', '9400 หมู่ 1 ต.หาดเสี้ยว อ.ศรีสัชนาลัย\nรหัสไปรษณีย์ 64130', '2020-01-26', 3, 18000, 2),
(1100300085, 'ธงไชย', 'ใจดี', '0632545142', '1996-09-27', 24, '6312444939871', 'Thongchai@gmail.com', '3909/7 ม.9 ถนนท่าเรือ-ท่าลาน ต.จำปา อ.ท่าเรือ\nรหัสไปรษณีย์ 13130', '2020-04-21', 3, 12000, 1),
(1100300103, 'สังหาร', 'สาหัส', '0824567453', '1995-12-12', 25, '5405635807027', 'Killer@gmail.com', '407 หมู่ 5 ถ.พหลโยธิน ต.ขุนโขลน อ.พระพุทธบาท\nรหัสไปรษณีย์ 18120', '2020-06-30', 3, 12000, 1),
(1125549612, 'ธนธรณ์', 'ดนตรีไทย', '0800607461', '1999-08-20', 21, '', 'thanatorn8350@gmail.com', '36 หมู่4 ต.ท่าช้าง อ.เมือง จ.นครนายก', '2020-12-16', 2, 12000, 1);

--
-- Indexes for dumped tables
--

--
-- Indexes for table `branch`
--
ALTER TABLE `branch`
  ADD PRIMARY KEY (`branchNo`);

--
-- Indexes for table `customer`
--
ALTER TABLE `customer`
  ADD PRIMARY KEY (`customerNo`);

--
-- Indexes for table `item`
--
ALTER TABLE `item`
  ADD PRIMARY KEY (`itemNo`);

--
-- Indexes for table `orderbranch`
--
ALTER TABLE `orderbranch`
  ADD PRIMARY KEY (`lotNo`),
  ADD KEY `itemNo` (`itemNo`),
  ADD KEY `staff` (`staff`);

--
-- Indexes for table `ordercustomer`
--
ALTER TABLE `ordercustomer`
  ADD PRIMARY KEY (`orderNo`),
  ADD KEY `customerNo` (`customerNo`),
  ADD KEY `itemNo` (`itemNo`),
  ADD KEY `branchNo` (`branchNo`);

--
-- Indexes for table `position`
--
ALTER TABLE `position`
  ADD PRIMARY KEY (`positionId`);

--
-- Indexes for table `staff`
--
ALTER TABLE `staff`
  ADD PRIMARY KEY (`staffNo`),
  ADD KEY `branchNo` (`branchNo`),
  ADD KEY `position` (`position`);

--
-- Constraints for dumped tables
--

--
-- Constraints for table `orderbranch`
--
ALTER TABLE `orderbranch`
  ADD CONSTRAINT `orderbranch_ibfk_1` FOREIGN KEY (`itemNo`) REFERENCES `item` (`itemNo`),
  ADD CONSTRAINT `orderbranch_ibfk_2` FOREIGN KEY (`staff`) REFERENCES `staff` (`staffNo`);

--
-- Constraints for table `ordercustomer`
--
ALTER TABLE `ordercustomer`
  ADD CONSTRAINT `ordercustomer_ibfk_1` FOREIGN KEY (`customerNo`) REFERENCES `customer` (`customerNo`),
  ADD CONSTRAINT `ordercustomer_ibfk_2` FOREIGN KEY (`branchNo`) REFERENCES `branch` (`branchNo`),
  ADD CONSTRAINT `ordercustomer_ibfk_3` FOREIGN KEY (`itemNo`) REFERENCES `item` (`itemNo`);

--
-- Constraints for table `staff`
--
ALTER TABLE `staff`
  ADD CONSTRAINT `staff_ibfk_1` FOREIGN KEY (`branchNo`) REFERENCES `branch` (`branchNo`),
  ADD CONSTRAINT `staff_ibfk_2` FOREIGN KEY (`position`) REFERENCES `position` (`positionId`);

/*!40101 SET CHARACTER_SET_CLIENT=@OLD_CHARACTER_SET_CLIENT */;
/*!40101 SET CHARACTER_SET_RESULTS=@OLD_CHARACTER_SET_RESULTS */;
/*!40101 SET COLLATION_CONNECTION=@OLD_COLLATION_CONNECTION */;
